{
    "c10" : [52.040124, -2.37934],
    "c11" : [52.039696, -2.379313],
    "d3" : [52.043053, -2.377191],
    "d9" : [52.040545, -2.37876],
    "d10" : [52.04009, -2.378613],
    "d12": [52.039008, -2.379145],
    "e1" : [52.043835, -2.375929],
    "e9" : [52.040291, -2.377762],
    "e10" : [52.0397993, -2.3778614],
    "f2" : [52.043429, -2.375339],
    "f3" : [52.043034, -2.375592],
    "f4" : [52.042634, -2.376179],
    "f5" : [52.042147, -2.376108],
    "f7" : [52.040948, -2.376582],
    "f8" : [52.040515, -2.376818],
    "f9" : [52.0400428, -2.3768642],
    "f12" : [52.03885, -2.377969],
    "g1" : [52.043466, -2.374658],
    "g3" : [52.042602, -2.375407],
    "g4" : [52.042145, -2.375625],
    "g6" : [52.041728, -2.376014],
    "g7" : [52.041201, -2.376266],
    "h2" : [52.043129, -2.373976],
    "h3" : [52.042908, -2.374766],
    "h6" : [52.041633, -2.375297],
    "h7" : [52.0409855, -2.3755589],
    "h8" : [52.0403526, -2.3758363],
    "j1" : [52.043331, -2.373514],
    "j3" : [52.042636, -2.374057]
}